{
  "id": "",
  "name": "",
  "font_family": "iconfont",
  "css_prefix_text": "icon-",
  "description": "",
  "glyphs": [
    {
      "icon_id": "375659",
      "name": "checkbox",
      "font_class": "gouxuan",
      "unicode": "e619",
      "unicode_decimal": 58905
    },
    {
      "icon_id": "5298548",
      "name": "checkbox未选中大",
      "font_class": "checkboxweixuanzhongda",
      "unicode": "e933",
      "unicode_decimal": 59699
    },
    {
      "icon_id": "10064283",
      "name": "蛋糕",
      "font_class": "dangao",
      "unicode": "e8d9",
      "unicode_decimal": 59609
    },
    {
      "icon_id": "10064284",
      "name": "蘑菇",
      "font_class": "mogu",
      "unicode": "e8da",
      "unicode_decimal": 59610
    },
    {
      "icon_id": "10064285",
      "name": "玉米",
      "font_class": "yumi",
      "unicode": "e8db",
      "unicode_decimal": 59611
    },
    {
      "icon_id": "10064286",
      "name": "起司",
      "font_class": "qisi",
      "unicode": "e8dc",
      "unicode_decimal": 59612
    }
  ]
}
